{
  "best_global_step": 548,
  "best_metric": 0.5991090520313613,
  "best_model_checkpoint": "PubMedBERT_lora_weighted/checkpoint-548",
  "epoch": 4.0,
  "eval_steps": 500,
  "global_step": 548,
  "is_hyper_param_search": false,
  "is_local_process_zero": true,
  "is_world_process_zero": true,
  "log_history": [
    {
      "epoch": 0.145985401459854,
      "grad_norm": 6.025783538818359,
      "learning_rate": 5.507246376811594e-05,
      "loss": 1.153,
      "step": 20
    },
    {
      "epoch": 0.291970802919708,
      "grad_norm": 9.8349609375,
      "learning_rate": 0.00011304347826086956,
      "loss": 1.0659,
      "step": 40
    },
    {
      "epoch": 0.43795620437956206,
      "grad_norm": 4.653931617736816,
      "learning_rate": 0.0001710144927536232,
      "loss": 1.0963,
      "step": 60
    },
    {
      "epoch": 0.583941605839416,
      "grad_norm": 4.174441337585449,
      "learning_rate": 0.00019675324675324675,
      "loss": 1.0681,
      "step": 80
    },
    {
      "epoch": 0.7299270072992701,
      "grad_norm": 7.975327968597412,
      "learning_rate": 0.00019025974025974027,
      "loss": 1.0372,
      "step": 100
    },
    {
      "epoch": 0.8759124087591241,
      "grad_norm": 3.456437349319458,
      "learning_rate": 0.00018376623376623378,
      "loss": 1.0904,
      "step": 120
    },
    {
      "epoch": 1.0,
      "eval_f1": 0.3027289783387344,
      "eval_loss": 1.0677094459533691,
      "eval_runtime": 0.4658,
      "eval_samples_per_second": 214.678,
      "eval_steps_per_second": 15.027,
      "step": 137
    },
    {
      "epoch": 1.0218978102189782,
      "grad_norm": 3.7192819118499756,
      "learning_rate": 0.00017727272727272728,
      "loss": 1.0444,
      "step": 140
    },
    {
      "epoch": 1.167883211678832,
      "grad_norm": 7.964588642120361,
      "learning_rate": 0.0001707792207792208,
      "loss": 1.0626,
      "step": 160
    },
    {
      "epoch": 1.313868613138686,
      "grad_norm": 4.493459224700928,
      "learning_rate": 0.00016428571428571428,
      "loss": 0.9953,
      "step": 180
    },
    {
      "epoch": 1.4598540145985401,
      "grad_norm": 5.37657356262207,
      "learning_rate": 0.0001577922077922078,
      "loss": 1.0527,
      "step": 200
    },
    {
      "epoch": 1.6058394160583942,
      "grad_norm": 5.209318161010742,
      "learning_rate": 0.0001512987012987013,
      "loss": 0.9976,
      "step": 220
    },
    {
      "epoch": 1.7518248175182483,
      "grad_norm": 5.677367687225342,
      "learning_rate": 0.0001448051948051948,
      "loss": 0.9959,
      "step": 240
    },
    {
      "epoch": 1.897810218978102,
      "grad_norm": 3.7268011569976807,
      "learning_rate": 0.00013831168831168834,
      "loss": 0.9202,
      "step": 260
    },
    {
      "epoch": 2.0,
      "eval_f1": 0.5479773891538597,
      "eval_loss": 0.8664861917495728,
      "eval_runtime": 1.0074,
      "eval_samples_per_second": 99.269,
      "eval_steps_per_second": 6.949,
      "step": 274
    },
    {
      "epoch": 2.0437956204379564,
      "grad_norm": 3.9429357051849365,
      "learning_rate": 0.0001318181818181818,
      "loss": 0.9576,
      "step": 280
    },
    {
      "epoch": 2.18978102189781,
      "grad_norm": 4.414814472198486,
      "learning_rate": 0.00012532467532467534,
      "loss": 0.8791,
      "step": 300
    },
    {
      "epoch": 2.335766423357664,
      "grad_norm": Infinity,
      "learning_rate": 0.00011883116883116883,
      "loss": 0.8858,
      "step": 320
    },
    {
      "epoch": 2.4817518248175183,
      "grad_norm": 5.702459812164307,
      "learning_rate": 0.00011233766233766234,
      "loss": 0.85,
      "step": 340
    },
    {
      "epoch": 2.627737226277372,
      "grad_norm": 6.765828609466553,
      "learning_rate": 0.00010584415584415586,
      "loss": 0.819,
      "step": 360
    },
    {
      "epoch": 2.7737226277372264,
      "grad_norm": 4.881705284118652,
      "learning_rate": 9.935064935064936e-05,
      "loss": 0.8228,
      "step": 380
    },
    {
      "epoch": 2.9197080291970803,
      "grad_norm": 7.096742153167725,
      "learning_rate": 9.285714285714286e-05,
      "loss": 0.7924,
      "step": 400
    },
    {
      "epoch": 3.0,
      "eval_f1": 0.5796870554765291,
      "eval_loss": 0.834504246711731,
      "eval_runtime": 0.4671,
      "eval_samples_per_second": 214.081,
      "eval_steps_per_second": 14.986,
      "step": 411
    },
    {
      "epoch": 3.065693430656934,
      "grad_norm": 3.886498212814331,
      "learning_rate": 8.636363636363637e-05,
      "loss": 0.8168,
      "step": 420
    },
    {
      "epoch": 3.2116788321167884,
      "grad_norm": 4.9383063316345215,
      "learning_rate": 7.987012987012987e-05,
      "loss": 0.791,
      "step": 440
    },
    {
      "epoch": 3.3576642335766422,
      "grad_norm": 9.145868301391602,
      "learning_rate": 7.337662337662338e-05,
      "loss": 0.7248,
      "step": 460
    },
    {
      "epoch": 3.5036496350364965,
      "grad_norm": 11.148091316223145,
      "learning_rate": 6.688311688311688e-05,
      "loss": 0.8364,
      "step": 480
    },
    {
      "epoch": 3.6496350364963503,
      "grad_norm": 6.0273756980896,
      "learning_rate": 6.03896103896104e-05,
      "loss": 0.6972,
      "step": 500
    },
    {
      "epoch": 3.795620437956204,
      "grad_norm": 7.196359157562256,
      "learning_rate": 5.38961038961039e-05,
      "loss": 0.7037,
      "step": 520
    },
    {
      "epoch": 3.9416058394160585,
      "grad_norm": 10.755709648132324,
      "learning_rate": 4.740259740259741e-05,
      "loss": 0.7824,
      "step": 540
    },
    {
      "epoch": 4.0,
      "eval_f1": 0.5991090520313613,
      "eval_loss": 0.838081955909729,
      "eval_runtime": 0.5538,
      "eval_samples_per_second": 180.585,
      "eval_steps_per_second": 12.641,
      "step": 548
    }
  ],
  "logging_steps": 20,
  "max_steps": 685,
  "num_input_tokens_seen": 0,
  "num_train_epochs": 5,
  "save_steps": 500,
  "stateful_callbacks": {
    "EarlyStoppingCallback": {
      "args": {
        "early_stopping_patience": 2,
        "early_stopping_threshold": 0.0
      },
      "attributes": {
        "early_stopping_patience_counter": 0
      }
    },
    "TrainerControl": {
      "args": {
        "should_epoch_stop": false,
        "should_evaluate": false,
        "should_log": false,
        "should_save": true,
        "should_training_stop": false
      },
      "attributes": {}
    }
  },
  "total_flos": 575577714401280.0,
  "train_batch_size": 8,
  "trial_name": null,
  "trial_params": null
}
